-- Initial Data Seed
INSERT INTO `user` (`id`, `email`, `password`, `name`, `createdAt`, `updatedAt`) VALUES ('45fcfa6e-8416-4609-bee5-c0bc658ca1e0', 'admin@panoralink.com', '$2b$10$EOCWmKPv2Cb1xDhPKYMluefx.MPFTJcMw7wWXd8uTObR/JcLGjoq.', 'Admin', NOW(), NOW());
INSERT INTO `setting` (`key`, `value`, `updatedAt`) VALUES ('site_name', 'Panoralink Business Solutions', NOW());
INSERT INTO `setting` (`key`, `value`, `updatedAt`) VALUES ('contact_email', 'info@panoralink.com', NOW());
INSERT INTO `setting` (`key`, `value`, `updatedAt`) VALUES ('phone', '+94 77 123 4567', NOW());
INSERT INTO `setting` (`key`, `value`, `updatedAt`) VALUES ('address', 'Colombo, Sri Lanka', NOW());
INSERT INTO `setting` (`key`, `value`, `updatedAt`) VALUES ('social_twitter', 'https://twitter.com/', NOW());
INSERT INTO `setting` (`key`, `value`, `updatedAt`) VALUES ('social_linkedin', 'https://linkedin.com/', NOW());
INSERT INTO `setting` (`key`, `value`, `updatedAt`) VALUES ('social_github', 'https://github.com/', NOW());
INSERT INTO `setting` (`key`, `value`, `updatedAt`) VALUES ('social_discord', 'https://discord.com/', NOW());
INSERT INTO `page` (`id`, `slug`, `title`, `published`, `createdAt`, `updatedAt`) VALUES ('9a2b65a1-af82-44b1-af12-e5fea77c66bf', 'home', 'Home', 1, NOW(), NOW());
INSERT INTO `section` (`id`, `pageId`, `type`, `content`, `order`, `createdAt`, `updatedAt`) VALUES ('146f102b-a7c6-41ec-a973-65a2a0fada23', '9a2b65a1-af82-44b1-af12-e5fea77c66bf', 'HERO', '{"headline":"Home","subheadline":"Welcome to the Home page"}', 0, NOW(), NOW());
INSERT INTO `page` (`id`, `slug`, `title`, `published`, `createdAt`, `updatedAt`) VALUES ('00ebd61e-d25d-4fa8-88da-997ec74afec8', 'about', 'About Us', 1, NOW(), NOW());
INSERT INTO `section` (`id`, `pageId`, `type`, `content`, `order`, `createdAt`, `updatedAt`) VALUES ('7b2bfd07-4d44-4b4c-b21e-7e78232383cc', '00ebd61e-d25d-4fa8-88da-997ec74afec8', 'HERO', '{"headline":"About Us","subheadline":"Welcome to the About Us page"}', 0, NOW(), NOW());
INSERT INTO `page` (`id`, `slug`, `title`, `published`, `createdAt`, `updatedAt`) VALUES ('6ccc7237-0409-475f-9d89-7c758204f0c8', 'services', 'Our Services', 1, NOW(), NOW());
INSERT INTO `section` (`id`, `pageId`, `type`, `content`, `order`, `createdAt`, `updatedAt`) VALUES ('b0654513-2a93-4b5c-8fd1-121b1074ded0', '6ccc7237-0409-475f-9d89-7c758204f0c8', 'HERO', '{"headline":"Our Services","subheadline":"Welcome to the Our Services page"}', 0, NOW(), NOW());
INSERT INTO `page` (`id`, `slug`, `title`, `published`, `createdAt`, `updatedAt`) VALUES ('8b2f8a2e-d118-4eba-bc56-f19a73ea2a27', 'products', 'Products', 1, NOW(), NOW());
INSERT INTO `section` (`id`, `pageId`, `type`, `content`, `order`, `createdAt`, `updatedAt`) VALUES ('a05d9f3e-842c-4401-b4d7-9d58f9e54c9e', '8b2f8a2e-d118-4eba-bc56-f19a73ea2a27', 'HERO', '{"headline":"Products","subheadline":"Welcome to the Products page"}', 0, NOW(), NOW());
INSERT INTO `page` (`id`, `slug`, `title`, `published`, `createdAt`, `updatedAt`) VALUES ('9b6975c2-d0a3-4d30-8692-1ab9864b1211', 'blog', 'Blog', 1, NOW(), NOW());
INSERT INTO `section` (`id`, `pageId`, `type`, `content`, `order`, `createdAt`, `updatedAt`) VALUES ('b1710d94-f624-422a-896f-57e76404a16d', '9b6975c2-d0a3-4d30-8692-1ab9864b1211', 'HERO', '{"headline":"Blog","subheadline":"Welcome to the Blog page"}', 0, NOW(), NOW());
INSERT INTO `page` (`id`, `slug`, `title`, `published`, `createdAt`, `updatedAt`) VALUES ('30b9f42d-96c7-4597-8dc9-7eedb94da2da', 'contact', 'Contact Us', 1, NOW(), NOW());
INSERT INTO `section` (`id`, `pageId`, `type`, `content`, `order`, `createdAt`, `updatedAt`) VALUES ('e0cc740b-3a87-4722-997f-544e581f13fa', '30b9f42d-96c7-4597-8dc9-7eedb94da2da', 'HERO', '{"headline":"Contact Us","subheadline":"Welcome to the Contact Us page"}', 0, NOW(), NOW());
INSERT INTO `section` (`id`, `pageId`, `type`, `content`, `order`, `createdAt`, `updatedAt`) VALUES ('76a68b21-2eba-48df-94c5-24e15868e2b1', '30b9f42d-96c7-4597-8dc9-7eedb94da2da', 'TEXT', '{"title":"Connect With Us","body":"Follow us on our social channels for the latest updates."}', 1, NOW(), NOW());
INSERT INTO `page` (`id`, `slug`, `title`, `published`, `createdAt`, `updatedAt`) VALUES ('fcfc01fb-c95a-436b-9d1a-cf15c628fbb2', 'privacy', 'Privacy Policy', 1, NOW(), NOW());
INSERT INTO `section` (`id`, `pageId`, `type`, `content`, `order`, `createdAt`, `updatedAt`) VALUES ('a573e8ea-6928-4890-8114-95e3b7a209a7', 'fcfc01fb-c95a-436b-9d1a-cf15c628fbb2', 'HERO', '{"headline":"Privacy Policy","subheadline":"Welcome to the Privacy Policy page"}', 0, NOW(), NOW());
INSERT INTO `page` (`id`, `slug`, `title`, `published`, `createdAt`, `updatedAt`) VALUES ('5ca769f9-3354-435f-9664-073fb79c16a4', 'terms', 'Terms of Service', 1, NOW(), NOW());
INSERT INTO `section` (`id`, `pageId`, `type`, `content`, `order`, `createdAt`, `updatedAt`) VALUES ('097681b2-10fe-4877-ba1b-a33390308632', '5ca769f9-3354-435f-9664-073fb79c16a4', 'HERO', '{"headline":"Terms of Service","subheadline":"Welcome to the Terms of Service page"}', 0, NOW(), NOW());
INSERT INTO `page` (`id`, `slug`, `title`, `published`, `createdAt`, `updatedAt`) VALUES ('0c61b2b9-5636-41d2-a27c-8ced9767fee0', 'refund-policy', 'Refund Policy', 1, NOW(), NOW());
INSERT INTO `section` (`id`, `pageId`, `type`, `content`, `order`, `createdAt`, `updatedAt`) VALUES ('a44230f7-2e2c-49d3-967c-4501299da4d5', '0c61b2b9-5636-41d2-a27c-8ced9767fee0', 'HERO', '{"headline":"Refund Policy","subheadline":"Welcome to the Refund Policy page"}', 0, NOW(), NOW());
INSERT INTO `page` (`id`, `slug`, `title`, `published`, `createdAt`, `updatedAt`) VALUES ('e93e2ffd-650c-4191-bbf2-f3185f125b17', 'security', 'Security', 1, NOW(), NOW());
INSERT INTO `section` (`id`, `pageId`, `type`, `content`, `order`, `createdAt`, `updatedAt`) VALUES ('87e19fda-7962-4c07-8bbf-bad73bfc3032', 'e93e2ffd-650c-4191-bbf2-f3185f125b17', 'HERO', '{"headline":"Security","subheadline":"Welcome to the Security page"}', 0, NOW(), NOW());
INSERT INTO `page` (`id`, `slug`, `title`, `published`, `createdAt`, `updatedAt`) VALUES ('76cd129e-7e6a-41e8-b686-3b2cd5c4ab91', 'travel', 'Travel', 1, NOW(), NOW());
INSERT INTO `section` (`id`, `pageId`, `type`, `content`, `order`, `createdAt`, `updatedAt`) VALUES ('a5c54138-f7e5-4c55-949b-bdbcfd0051aa', '76cd129e-7e6a-41e8-b686-3b2cd5c4ab91', 'HERO', '{"headline":"Travel","subheadline":"Welcome to the Travel page"}', 0, NOW(), NOW());
